province,url
Amnat Charoen,https://www.renthub.in.th/en/short-term-rental/amnat-charoen
Ang Thong,https://www.renthub.in.th/en/short-term-rental/angthong
Bangkok,https://www.renthub.in.th/en/short-term-rental/bangkok
Bueng Kan,https://www.renthub.in.th/en/short-term-rental/bueng-kan
Buri Ram,https://www.renthub.in.th/en/short-term-rental/buri-ram
Chachoengsao,https://www.renthub.in.th/en/short-term-rental/chachoengsao
Chai Nat,https://www.renthub.in.th/en/short-term-rental/chainat
Chaiyaphum,https://www.renthub.in.th/en/short-term-rental/chaiyaphum
Chanthaburi,https://www.renthub.in.th/en/short-term-rental/chanthaburi
Chiang Mai,https://www.renthub.in.th/en/short-term-rental/chiang-mai
Chiang Rai,https://www.renthub.in.th/en/short-term-rental/chiang-rai
Chonburi,https://www.renthub.in.th/en/short-term-rental/chonburi
Chumphon,https://www.renthub.in.th/en/short-term-rental/chumphon
Kalasin,https://www.renthub.in.th/en/short-term-rental/kalasin
Kamphaeng Phet,https://www.renthub.in.th/en/short-term-rental/kamphaeng-phet
Kanchanaburi,https://www.renthub.in.th/en/short-term-rental/kanchanaburi
Khon Kaen,https://www.renthub.in.th/en/short-term-rental/khon-kaen
Krabi,https://www.renthub.in.th/en/short-term-rental/krabi
Lampang,https://www.renthub.in.th/en/short-term-rental/lamphang
Lamphun,https://www.renthub.in.th/en/short-term-rental/lamphun
Loei,https://www.renthub.in.th/en/short-term-rental/loei
Lopburi,https://www.renthub.in.th/en/short-term-rental/lopburi
Mae Hong Son,https://www.renthub.in.th/en/short-term-rental/mae-hong-son
Maha Sarakham,https://www.renthub.in.th/en/short-term-rental/maha-sarakham
Mukdahan,https://www.renthub.in.th/en/short-term-rental/mukdahan
Nakhon Nayok,https://www.renthub.in.th/en/short-term-rental/nakhon-nayok
Nakhon Pathom,https://www.renthub.in.th/en/short-term-rental/nakhon-pathom
Nakhon Phanom,https://www.renthub.in.th/en/short-term-rental/nakhon-phanom
Nakhon Ratchasima,https://www.renthub.in.th/en/short-term-rental/nakhon-ratchasima
Nakhon Sawan,https://www.renthub.in.th/en/short-term-rental/nakhon-sawan
Nakhon Si Thammarat,https://www.renthub.in.th/en/short-term-rental/nakhon-sri-thammarat
Nan,https://www.renthub.in.th/en/short-term-rental/nan
Narathiwat,https://www.renthub.in.th/en/short-term-rental/narathiwat
Nong Bua Lam Phu,https://www.renthub.in.th/en/short-term-rental/nong-bua-lam-phu
Nong Khai,https://www.renthub.in.th/en/short-term-rental/nongkai
Nonthaburi,https://www.renthub.in.th/en/short-term-rental/nonthaburi
Pathum Thani,https://www.renthub.in.th/en/short-term-rental/pathumthani
Pattani,https://www.renthub.in.th/en/short-term-rental/pattani
Phang Nga,https://www.renthub.in.th/en/short-term-rental/phangnga
Phatthalung,https://www.renthub.in.th/en/short-term-rental/phatthalung
Phayao,https://www.renthub.in.th/en/short-term-rental/phayao
Phetchabun,https://www.renthub.in.th/en/short-term-rental/phetchabun
Phetchaburi,https://www.renthub.in.th/en/short-term-rental/petchburi
Phichit,https://www.renthub.in.th/en/short-term-rental/phichit
Phitsanulok,https://www.renthub.in.th/en/short-term-rental/phitsanulok
Phra Nakhon Si Ayutthaya,https://www.renthub.in.th/en/short-term-rental/phra-nakhon-sri-ayutthaya
Phrae,https://www.renthub.in.th/en/short-term-rental/phrae
Phuket,https://www.renthub.in.th/en/short-term-rental/phuket
Prachin Buri,https://www.renthub.in.th/en/short-term-rental/prachinburi
Prachuap Khiri Khan,https://www.renthub.in.th/en/short-term-rental/prachaubkirikhan
Ranong,https://www.renthub.in.th/en/short-term-rental/ranong
Ratchaburi,https://www.renthub.in.th/en/short-term-rental/ratchburi
Rayong,https://www.renthub.in.th/en/short-term-rental/rayong
Roi Et,https://www.renthub.in.th/en/short-term-rental/roi-et
Sa Kaeo,https://www.renthub.in.th/en/short-term-rental/srakaeo
Sakon Nakhon,https://www.renthub.in.th/en/short-term-rental/sakon-nakhon
Samut Prakan,https://www.renthub.in.th/en/short-term-rental/samut-prakarn
Samut Sakhon,https://www.renthub.in.th/en/short-term-rental/samut-sakhon
Samut Songkhram,https://www.renthub.in.th/en/short-term-rental/samut-songkram
Saraburi,https://www.renthub.in.th/en/short-term-rental/saraburi
Satun,https://www.renthub.in.th/en/short-term-rental/satun
Si Sa Ket,https://www.renthub.in.th/en/short-term-rental/si-sa-ket
Sing Buri,https://www.renthub.in.th/en/short-term-rental/singburi
Songkhla,https://www.renthub.in.th/en/short-term-rental/songkhla
Sukhothai,https://www.renthub.in.th/en/short-term-rental/sukhothai
Suphan Buri,https://www.renthub.in.th/en/short-term-rental/suphanburi
Surat Thani,https://www.renthub.in.th/en/short-term-rental/surat-thani
Surin,https://www.renthub.in.th/en/short-term-rental/surin
Tak,https://www.renthub.in.th/en/short-term-rental/tak
Trang,https://www.renthub.in.th/en/short-term-rental/trang
Trat,https://www.renthub.in.th/en/short-term-rental/trat
Ubon Ratchathani,https://www.renthub.in.th/en/short-term-rental/ubon-ratchathani
Udon Thani,https://www.renthub.in.th/en/short-term-rental/udon-thani
Uthai Thani,https://www.renthub.in.th/en/short-term-rental/uthai-thani
Uttaradit,https://www.renthub.in.th/en/short-term-rental/uttaradit
Yala,https://www.renthub.in.th/en/short-term-rental/yala
Yasothon,https://www.renthub.in.th/en/short-term-rental/yasothon
